Variavel;Cluster 1;Cluster 2;Cluster 3;Cluster 4;Cluster 5
mortos;3.50612172685766;1.04077934913024;-0.688942432824031;-0.338881930841626;-0.270270331696066
feridos_leves;4.2173928646293;0.839007530895432;-0.476260105222296;-0.277277703533615;-0.303351684852082
feridos_graves;4.05473565502877;0.870344630598937;-0.520955979073508;-0.298299904455203;-0.288862145635249
ilesos;4.54882994012386;0.641932016392339;-0.389431131452751;-0.270272993370477;-0.277912560571582
freq;4.5402598174107;0.735210526975495;-0.43032923869118;-0.275622056256623;-0.297427790834077
share_tracado_via_tipo_1;0.196059662738205;0.0373201405877494;0.330888671480712;-1.27990739096364;0.510309337321871
share_is_night;-0.21588673016611;-0.0947249687199309;-1.76313824238199;-0.0185614973417643;0.246534362265572
share_is_weekend;-0.177557275015233;-0.0213992305698275;-2.24324076054463;0.158849664366132;0.198335123806002
share_is_single_lane;-1.61461733509369;-0.948530061946027;-0.176716095985192;0.22364956414951;0.285822573749062
