Variavel;Cluster 1;Cluster 2;Cluster 3;Cluster 4;Cluster 5
mortos;5.10700040159042;-0.220466303666071;-0.158354558007123;-0.315274448403426;1.83951578564635
feridos_leves;6.54248041490849;-0.278857796722912;-0.0240227289020669;-0.258486345843777;1.70443136708814
feridos_graves;6.45621048868267;-0.257416900639052;-0.11815402387179;-0.27047353279732;1.74028247075816
ilesos;7.03282642931786;-0.260867136572769;-0.0129182151085406;-0.258525795802472;1.51184951168592
freq;6.89854226484596;-0.279095730295928;0.0131604591773988;-0.261964615476416;1.6185121446405
share_tracado_via_tipo_1;0.420941529687922;0.502943184917095;0.147401941132058;-1.37085495837715;0.0225906708816357
share_is_night;-0.248996452513642;0.100117851326602;-0.135599319931743;-0.11275281554142;-0.134975476320311
share_is_weekend;-0.230219991608382;0.036042539669993;-0.226312300557743;0.0638771832958929;-0.0500738244690381
share_is_single_lane;-1.83192066997405;0.453458726868606;-2.10508113746476;0.405497762917504;-0.782431862834333
