Variavel;Cluster 1;Cluster 2;Cluster 3;Cluster 4;Cluster 5
mortos;3.47246240577656;0.623265725277378;-0.688894138915536;-0.289837396178379;-0.233499015278203
feridos_leves;4.3448956969389;0.462142254337693;-0.413465976911727;-0.257691548200691;-0.277712916984117
feridos_graves;3.99158364999468;0.535821337760961;-0.520966484565009;-0.25809019202833;-0.269106630907001
freq;4.36167473748561;0.495574352857642;-0.43033735187961;-0.257262696967231;-0.289112629211806
share_tracado_via_tipo_1;0.191890347806522;0.107101850695079;0.336344450463268;-1.28932256223196;0.498778151136392
share_is_night;-0.211302334095593;-0.0191283859140354;-1.76826470642762;-0.0291994210129749;0.241672602032024
share_is_weekend;-0.164000672368235;0.0490254729947883;-2.25683787611355;0.166392660886612;0.182000032119693
share_is_single_lane;-1.53495137915618;-1.37323064525139;-0.158586857090483;0.365571689856025;0.447066801228809
