cluster;mortos;feridos_leves;feridos_graves;ilesos;freq;share_tracado_via_tipo_1;share_is_night;share_is_weekend;share_is_single_lane
Cluster 1;330.333333333333;5434.95833333333;1752.125;20100;13029.4166666667;0.796727294361379;0.361273134877116;0.438936176385098;0.239425164524526
Cluster 2;27.0363924050633;154.287183544304;66.8053797468355;352.113132911392;271.884493670886;0.816504820608635;0.428918533357334;0.489605883245223;0.963219840138666
Cluster 3;30.5724637681159;351.565217391304;101.764492753623;1023.44202898551;791.340579710145;0.730753792031357;0.383245291662553;0.439679809216518;0.152913449125677
Cluster 4;21.6388888888889;170.05753968254;63.5277777777778;358.452380952381;302.333333333333;0.364573797295836;0.387672096512322;0.494902810403201;0.948030287632377
Cluster 5;144.312820512821;1689.63076923077;568.28717948718;5151.79487179487;3644.69230769231;0.700651251217607;0.383366169407236;0.473217956240118;0.571805167500748
