cluster;mortos;feridos_leves;feridos_graves;ilesos;freq;share_tracado_via_tipo_1;share_is_night;share_is_weekend;share_is_single_lane
Cluster 1;239.194029850746;3635.01492537313;1149.28358208955;13374.5074626866;8837.80597014925;0.742489279120097;0.367688570558586;0.448957880901393;0.308246558905211
Cluster 2;98.8401162790698;1019.67151162791;349.906976744186;2796.46802325581;2074.71220930233;0.704203770650375;0.391165224317643;0.478674725768411;0.519200776163261
Cluster 3;0.365671641791045;1.47014925373134;0.649253731343284;4.02238805970149;3.08208955223881;0.775007942942726;0.0678886370077155;0.0558587235582693;0.763639331922914
Cluster 4;20.2948960302457;155.510396975425;56.5425330812855;326.646502835539;278.058601134216;0.38650893868558;0.405922879086697;0.51297605470274;0.890437767887019
Cluster 5;24.2010092514718;135.325483599664;58.9116904962153;305.962153069807;239.301093355761;0.818281422216488;0.457288620511031;0.52049012979791;0.910128368658704
